ref,text
"“A virgin will have a baby boy, and he will be called Immanuel,” which means “God is with us.”","“Oʼɛ, zangmayo ɔ ma na muklii, nɛ e ma fɔ binyumu, nɛ a maa wo lɛ biɛ ke: Yimanuel” ."
"From David to the time of the exile in Babylonia, the ancestors of Jesus were: David, Solomon , Rehoboam, Abijah, Asa, Jehoshaphat, Jehoram; Uzziah, Jotham, Ahaz, Hezekiah, Manasseh, Amon, Josiah, and Jehoiachin and his brothers.",nɛ Yosia fɔ Yékonia kɛ e nyɛmimɛ ɔmɛ benɛ a ba ngɔ mɛ nyɔguɛ kɛ ho Babilon ya a.
more to the birth of the Messiah. The Birth of Jesus (Luke,"nɛ Azor fɔ Sadok, nɛ Sadok fɔ Akim, nɛ Akim fɔ Eliud;"
"This is how Jesus Christ was born. A young woman named Mary was engaged to Joseph from King David's family. But before they were married, she learned that she was going to have a baby by God's Holy Spirit.","Jeha nɛ ɔ, bɔ nɛ Yesu Kristo fɔmi ɔ ngɛ ji nɛ ɔ nɛ: e nyɛ Maria a, benɛ Yosef ya bi e si nɛ e na we nɛ e kpee lɛ ɔ, Maria na kaa e hɛɛ muklii kɛ je Mumi klɔuklɔu ɔ mi."
Joseph was a good man and did not want to embarrass Mary in front of everyone. So he decided to quietly call off the wedding.,"Se Yosef, e huno ɔ, akɛnɛ dalɔ ji lɛ nɛ e hla we kaa e bɔ lɛ ahlua a, e susu kaa e maa ngmɛɛ e he kpoo."
"While Joseph was thinking about this, an angel from the Lord appeared to him in a dream. The angel said, “Joseph, the baby that Mary will have is from the Holy Spirit. Go ahead and marry her.","Se benɛ e ngɛ ni nɛ ɔmɛ kulaa a he susue ɔ, oʼɛ, Nyɔmtsɛ ɔ bɔfo je e he kpo ngɔ tsɔɔ lɛ ngɛ nlami mi, nɛ e de lɛ ke: “Yosef, David bi, koo ye o yo Maria a ngɔmi gbeye, se hɔ nɛ e hɛɛ nɛ ɔ ɔ, e je Mumi Klɔuklɔu ɔ mi;"
"Then after her baby is born, name him Jesus, because he will save his people from their sins.”","e ma fɔ binyumu, nɛ o maa wo lɛ biɛ ke Yesu, ejakaa e ma he e ma a yi wmai kɛ je a he yayami ɔmɛ a mi.”"
"So the Lord's promise came true, just as the prophet had said,",Se a pee enɛ ɔmɛ tsuo konɛ nɔ́ nɛ Nyɔmtsɛ ɔ de kɛ gu gbalɔ ɔ nɔ ɔ nɛ ba mi ke:
"After Joseph woke up, he and Mary were soon married, just as the Lord's angel had told him to do.","Lɔ ɔ he ɔ, benɛ Yosef hɛ̃ tsɛ̃ kɛ je mahɛ ɔ mi ɔ, e pee bɔ nɛ Nyɔmtsɛ ɔ bɔfo ɔ de lɛ ɔ, nɛ e ngɔ e yo ɔ;"
But they did not sleep together before her baby was born. Then Joseph named him Jesus.,"se e li lɛ nyumu kɛ yo hluu kɛ ya su be nɛ e fɔ e bi tete ɔ, nɛ e wo lɛ biɛ ke Yesu."
"When Jesus was born in the village of Bethlehem in Judea, Herod was king. During this time some wise men from the east came to Jerusalem","Benɛ pa fɔ Yesu ngɛ Betlehem ngɛ Yudea ngɛ matsɛ Herode yi nɔ se ɔ, oʼɛ, ni leli je beleku ba Yerusalem ba bi ke:"
"and said, “Where is the child born to be king of the Jews? We saw his star in the east and have come to worship him.”","“Jije Yudafo ɔmɛ a matsɛ ɔ nɛ a fɔ ɔ ngɛ? Wa na edodoe ngɛ beleku, nɛ wa ma lɛ jami.”"
"When King Herod heard about this, he was worried, and so was everyone else in Jerusalem.","Benɛ matsɛ Herode nu enɛ ɔ, e kɛ Yerusalem tsuo nu sawale;"
"Herod brought together the chief priests and the teachers of the Law of Moses and asked them, “Where will the Messiah be born?”",nɛ e bua ma a mi osɔfo nikɔtɔma amɛ kɛ mlaa tsɔɔli ɔmɛ tsuo a nya kɛ kpe nɛ e bi mɛ he nɛ a ma fɔ Kristo ɔ ngɛ.
"They told him, “He will be born in Bethlehem, just as the prophet wrote,",Nɛ a de lɛ ke: “Ngɛ Betlehem ngɛ Yudea; se bɔ nɛ gbalɔ ɔ ngma ji nɛ ɔ nɛ:
"‘Bethlehem in the land of Judea, you are very important among the towns of Judea. From your town will come a leader, who will be like a shepherd for my people Israel.’ ”","‘Nɛ mo, Betlehem, Yuda zugba a, pi mo ji nyafii pe kulaa ngɛ Yuda ganɔ ɔmɛ a kpɛti. Se o mi nɛ ganɔ nɛ ma kpaka ye ma Israel ɔ maa je.’ ”"
Herod secretly called in the wise men and asked them when they had first seen the star.,Kɛkɛ nɛ Herode tsɛ ni leli ɔmɛ zaa nɛ e bi mɛ fitsofitso be mi nɛ dodoe ɔ je.
"He told them, “Go to Bethlehem and search carefully for the child. As soon as you find him, let me know. I also want to go and worship him.”","Nɛ e ha a ya Betlehem nɛ e ke: “Nyɛɛ ya nɛ nyɛ ya hla bimwɔyo ɔ fitsofitso, nɛ ke nyɛ na lɛ ɔ, nyɛ ba de mi konɛ imi hu ma ba nɛ ma ba ja lɛ.”"
The wise men listened to what the king said and then left. And the star they had seen in the east went on ahead of them until it stopped over the place where the child was.,"Se benɛ a nu matsɛ ɔ munyu ɔ, a pue nɔ kɛ ho. Nɛ oʼɛ, dodoe ɔ nɛ a na ngɛ beleku ɔ nyɛɛ a hɛ mi hluu kɛ ya si dodoe ɔ ba da he nɛ bimwɔyo ɔ ngɛ ɔ yi mi."
They were thrilled and excited to see the star.,"Nɛ benɛ a na dodoe ɔ, a na bua jɔmi wawɛɛ nitse."
"When the men went into the house and saw the child with Mary, his mother, they knelt down and worshiped him. They took out their gifts of gold, frankincense, and myrrh and gave them to him.","Nɛ a ya we ɔ mi, nɛ a ya na bimwɔyo ɔ kɛ e nyɛ Maria a, nɛ a kpla si nɛ a ja lɛ, nɛ a pɛne a kotoku ɔmɛ a nya; nɛ a ke lɛ nihi: sika tsu kɛ mimɛ kɛ mire."
"Later they were warned in a dream not to return to Herod, and they went back home by another road. The Escape to Egypt","Nɛ akɛnɛ Mawu je tsɔɔ mɛ ngɛ nlɛmi mi ke a ko kpale a se kɛ ya Herode ngɔ hu ɔ, a gu blɔ kpa kɛ ho a zugba a nɔ ya. Fotumi kɛ Mizraim yami"
"After the wise men had gone, an angel from the Lord appeared to Joseph in a dream and said, “Get up! Hurry and take the child and his mother to Egypt! Stay there until I tell you to return, because Herod is looking for the child and wants to kill him.”","Nɛ benɛ a je se ɔ, oʼɛ, Nyɔmtsɛ ɔ Bɔfo je e he kpo tsɔɔ Yosef ngɛ nlami mi nɛ e ke: “Tee si, ngɔɔ bimwɔyo ɔ kɛ e nyɛ ɔ, nɛ o tu fo kɛ ya Mizraim, nɛ o hi lejɛ ɔ kɛ yaa su be nɛ ma de mo; se Herode ma hla bimwɔyo ɔ nɛ e gbe.”"
"That night, Joseph got up and took his wife and the child to Egypt,","Nɛ lɔ ɔ he ɔ, e te si nɛ e ngɔ bimwɔyo ɔ kɛ e nyɛ ɔ nyɔ mi, nɛ e pue nɔ kɛ ho Mizraim ya."
"where they stayed until Herod died. So the Lord's promise came true, just as the prophet had said, “I called my son out of Egypt.” The Killing of the Children",Nɛ e hi lejɛ ɔ kɛ ya su be nɛ Herode gbo; konɛ nɔ́ nɛ Nyɔmtsɛ ɔ de ngɛ gbalɔ ɔ nya a nɛ ba mi ke: “Mizraim i tse ye bi ɔ kɛ je.” Betlehem jokuɛwi ɔmɛ a gbemi
"When Herod found out that the wise men from the east had tricked him, he was very angry. He gave orders for his men to kill all the boys who lived in or near Bethlehem and were two years old and younger. This was based on what he had learned from the wise men.","Jeha nɛ ɔ benɛ Herode na kaa ni leli ɔmɛ sisi lɛ ɔ, e muklii mi fu wawɛɛ, nɛ e tsɔ a ya gbe jokuɛ nyumuwi tsuo nɛ ngɛ Betlehem kɛ lejɛ ɔ ni ɔmɛ a mi tsuo, ninɛmɛ nɛ ye jeha enyɔ kɛ ninɛmɛ nɛ yi ja ngɛ be nɛ e bi ni leli ɔmɛ fitsofitso ɔ nya."
"So the Lord's promise came true, just as the prophet Jeremiah had said,",Kɛkɛ nɛ nɔ́ nɛ gbalɔ Yeremia de ɔ ba mi ke:
"“In Ramah a voice was heard crying and weeping loudly. Rachel was mourning for her children, and she refused to be comforted, because they were dead.” The Return from Egypt","“A nu gbi ko ngɛ Rama, kɔmɔ yemi kɛ ya fomi kɛ ya peemi fuu, Rahel ngɛ e bimɛ ɔmɛ foe nɛ e kplɛɛ we kpatami; ejakaa a gbo.” Sekpalemi kɛ Mizraim jemi"
"After King Herod died, an angel from the Lord appeared in a dream to Joseph while he was still in Egypt.","Se Herode gbenɔ se ɔ, oʼɛ, Nyɔmtsɛ ɔ bɔfo je e he kpo tsɔɔ Yosef ngɛ nlami mi ngɛ Mizraim,"
"The angel said, “Get up and take the child and his mother back to Israel. The people who wanted to kill him are now dead.”","nɛ e ke: “Tee si nɛ o ngɔ bimwɔyo ɔ kɛ e nyɛ ɔ, nɛ o ya Israel zugba a nɔ se ninɛmɛ nɛ hla kaa a gbe bimwɔyo ɔ gbo.”"
"But when he heard that Herod's son Archelaus was now ruler of Judea, he was afraid to go there. Then in a dream he was told to go to Galilee,","Bene e nu kaa Arkelao ngɛ matsɛ yee ngɛ Yudea ngɛ e tsɛ Herode se ɔ, Yosef ye lejɛ ɔ yami gbeye; nɛ akɛnɛ a je kpo tsɔɔ lɛ ngɛ nlami mi he ɔ, e plɛ e yi kɛ ho Galilea ni ɔmɛ a mi ya."
"and they went to live there in the town of Nazareth. So the Lord's promise came true, just as the prophet had said, “He will be called a Nazarene.”",Nɛ e ba ba hi ma ko nɛ a tsɛɛ Nazaret ɔ mi; konɛ nɔ́ nɛ gbalɔ ɔ de ɔ nɛ ba mi ke: “A ma tsɛ lɛ Nazareno.”
Do something to show you have really given up your sins.,Ke nyɛ tsake nyɛ tsui ɔ lɛɛ nyɛɛ wo yiblii nɛ sa tsui tsakemi mɔ!
"He said, “Turn back to God! The kingdom of heaven will soon be here.”","nɛ e de ke: “Nyɛɛ kpale kɛ je nyɛ blɔ yaya amɛ a nɔ, se hiɔwe matsɛ yemi ɔ su si ta.”"
John wore clothes made of camel's hair. He had a leather strap around his waist and ate grasshoppers and wild honey.,"Se Yohane ɔ afukpɔngɔ he bwɔmi a kɛ lo e tade ɔ, nɛ lohwe he womi kpa fi e mlɛ mi, nɛ e ni yeni ji baalɛ kɛ nga nɔ hwo."
From Jerusalem and all Judea and from the Jordan River Valley crowds of people went to John.,"Kɛkɛ nɛ nihi je Yerusalem kɛ Yudea kɛ Yordan ni ɔmɛ a mi tsuo ba e ngɔ,"
"They told how sorry they were for their sins, and he baptized them in the river.",nɛ e baptisi mɛ ngɛ Yordan mi benɛ a ngɛ a he yayami ɔmɛ jajee ɔ.
Many Pharisees and Sadducees also came to be baptized. But John said to them: You bunch of snakes! Who warned you to run from the coming judgment?,"Se benɛ Yohane na Farisifo ɔmɛ kɛ Sakukifo ɔmɛ a ti nihi fuu nɛ ma e baptisimi ɔ he ɔ, e de mɛ ke: “Sinɔhi a nina, mɛnɔ tsɔɔ nyɛ ke nyɛɛ tu muklii mi la nɛ ma a nya fo?"
An ax is ready to cut the trees down at their roots. Any tree that doesn't produce good fruit will be chopped down and thrown into a fire.,"Se amlɔ nɛ ɔ ɔ, gbiɛ ɔ fɔ́ɔ si ngɛ tso poku ɔmɛ a nɔ momo, konɛ tso tsuaa tso nɛ wui yiblii kpakpahi ɔ, a po lɛ ngɔ fɔ si, nɛ a sake ngɔ fɔ la mi."
"His threshing fork is in his hand, and he is ready to separate the wheat from the husks. He will store the wheat in a barn and burn the husks in a fire that never goes out. The Baptism of Jesus (Mark","Nɔ nɛ hɛɛ e nɔ mi sami tsimi ngɛ e dɛ, nɛ e maa bɛɛ e zugba a nɔ fitsofitso nɛ e ma bua ngma a nya ngɔ to e gba mi; se tsakati ɔ, e kɛ la nɛ gbo we maa sa.” Yesu baptisimi (Marko"
Jesus left Galilee and went to the Jordan River to be baptized by John.,Kɛkɛ nɛ Yesu je Galilea kɛ ba Yohane ngɔ ngɛ Yordan nya konɛ Yohane nɛ baptisi lɛ.
"But John kept objecting and said, “I ought to be baptized by you. Why have you come to me?”","Se Yohane ka lɛ blɔ tsimi ke: “Imi mohu nɛ e hia kaa mo o baptisii mi ɔ, nɛ mo o ma ye ngɔ nɛ ɔ?”"
"Jesus answered, “For now this is how it should be, because we must do all God wants us to do.” Then John agreed.","Se Yesu he nɔ nɛ e de lɛ ke: “Moo kplɛɛ kɛkɛ, se kikɛmɛ a blɔ nɔ a maa gu kɛ pee Mawu suɔmi nya ni.” Kɛkɛ nɛ Yohane kplɛɛ ha lɛ."
"So Jesus was baptized. And as soon as he came out of the water, the sky opened, and he saw the Spirit of God coming down on him like a dove.","Nɛ benɛ e baptisi Yesu ɔ, e je kpo amlɔ kɛ je nyu ɔ mi nɛ oʼɛ, a bli hiɔwe nya ha lɛ, nɛ e na Mawu Mumi ɔ nɛ ngɛ si kplee kaa okpo kɛ ma e nɔ."
"Then a voice from heaven said, “This is my own dear Son, and I am pleased with him.”","Nɛ oʼɛ, gbi ko je hiɔwe ke: “Nɔ nɛ ɔ ji ye suɔmi bi nɛ i ngɛ e he tsui ɔ nɛ.”"
"When Jesus heard that John had been put in prison, he went to Galilee.","Benɛ Yesu nu kaa a nu Yohane ɔ, e pue nɔ kɛ ho Galilea ya;"
"But instead of staying in Nazareth, Jesus moved to Capernaum. This town was beside Lake Galilee in the territory of Zebulun and Naphtali.","nɛ e je Nazaret kɛ ba hi Kapernaum nɛ ngɛ wo nya a, ngɛ Zebulon kɛ Naftali ni ɔmɛ a mi;"
"Then the devil came to him and said, “If you are God's Son, tell these stones to turn into bread.”","Nɛ nya tsɔlɔ ɔ ba e ngɔ ba de lɛ ke: “Ke Mawu bi ji mo ɔ, de konɛ tɛ nɛ ɔmɛ nɛ plɛ abolo.”"
"Jesus answered, “The Scriptures also say, ‘Don't try to test the Lord your God!’ ”",Yesu de lɛ ke: “A ngma ekohu ke: ‘Koo ka Nyɔmtsɛ o Mawu ɔ!’ ”
"Finally, the devil took Jesus up on a very high mountain and showed him all the kingdoms on earth and their power.",Jeha nɛ ɔ bosiami ngɔ lɛ kɛ ho yoku kpetekpleenyɛ nɛ ya hiɔwe ko nɔ ya nɛ e ngɔ je mi matsɛ yemi hehi tsuo kɛ a nyami ɔmɛ ngɔ tsɔɔ lɛ;
"The devil said to him, “I will give all this to you, if you will bow down and worship me.”","nɛ e de lɛ ke: “Ma ngɔ enɛ ɔmɛ tsuo ha mo, ke o kpla si nɛ o ja mi ɔ.”"
"Jesus answered, “Go away Satan! The Scriptures say: ‘Worship the Lord your God and serve only him.’ ”","Kɛkɛ nɛ Yesu de lɛ ke: “Jee ye nɔ, Satan! ejakaa a ngma ke: ‘Nyɔmtsɛ, o Mawu ɔ, o ja, nɛ lɛ kɛkɛ o sɔmɔ!’ ”"
"So God's promise came true, just as the prophet Isaiah had said,",konɛ gbalɔ Yesaia munyu ɔ nɛ ba mi ke:
"“Listen, lands of Zebulun and Naphtali, lands along the road to the sea and across the Jordan. Listen Galilee, land of the Gentiles!","“Zebulon zugba a kɛ Naftali zugba a nɛ ngɛ wo nya blɔ ɔ, ngɛ Yordan se ɔ, majemajali a Galilea a,"
Right then the two brothers dropped their nets and went with him.,"Nɛ amlɔ ɔ a si a ya amɛ, nɛ a ba nyɛɛ e se."
"While Jesus was walking along the shore of Lake Galilee, he saw two brothers. One was Simon, also known as Peter, and the other was Andrew. They were fishermen, and they were casting their net into the lake.","Se benɛ Yesu ngɛ si kpae ngɛ Galilea wo ɔ nya a, e na nyɛmimɛ enyɔ, Simon nɛ a tsɛɛ lɛ Petro, kɛ e nyɛmi Andrea nɛ a ngɛ hɛe ngɛ wo ɔ mi, ejakaa wohɛli ji mɛ."
"Jesus walked on until he saw James and John, the sons of Zebedee. They were in a boat with their father, mending their nets. Jesus asked them to come with him.","Ne benɛ e je lejɛ ɔ kɛ yaa a, e na nyɛmimɛ kpa enyɔ kome, Zebedeo bi Yakobo kɛ e nyɛmi Yohane kɛ a tsɛ Zebedeo ngɛ lɛ mi nɛ a ngɛ a ya amɛ dlae; nɛ e tsɛ mɛ."
"At once they left the boat and their father and went with Jesus. Jesus Teaches, Preaches, and Heals (Luke","Nɛ amlɔ ɔ mɛ hu a si lɛ ɔ kɛ a tsɛ ɔ nɛ a ba nyɛɛ e se. Yesu nitsɔɔmi, e fiɛmi kɛ e nɔtsami (Luka"
"Jesus went all over Galilee, teaching in their synagogues and preaching the good news about God's kingdom. He also healed every kind of disease and sickness.","Nɛ Yesu kpa Galilea tsuo, e tsɔɔ ni ngɛ a kpe he ɔmɛ, nɛ e fiɛ matsɛ yemi ɔ he Sane Kpakpa a tsɔɔ, nɛ e tsa hiɔ tsuaa hiɔ kɛ he hiami tsuaa he hiami ngɛ ma a mi."
"News about him spread all over Syria, and people with every kind of sickness or disease were brought to him. Some of them had a lot of demons in them, others were thought to be crazy, and still others could not walk. But Jesus healed them all.","Nɛ e he sane gbɛ fia Siria tsuo, nɛ a kɛ nihi nɛ be saminya nɛ hiɔhi kɛ piimi slɔɔtohi hɛɛ mɛ kɛ nihi nɛ mumi yayamihi ngɛ a mi kɛ godotsɛmɛ kɛ nihi nɛ a gbɔjɔ ba e ngɔ nɛ e tsa mɛ."
"Large crowds followed Jesus from Galilee and the region around the ten cities known as Decapolis. They also came from Jerusalem, Judea, and from across the Jordan River.",Nɛ nihi fuu je Galilea kɛ Decapoli kɛ Yerusalem kɛ Yudea kɛ Yordan se nyɛɛ e se.
"When Jesus saw the crowds, he went up on the side of a mountain and sat down. Blessings (Luke","Benɛ Yesu na asafo ɔ, e kuɔ kɛ ya yoku ɔ nɔ, nɛ e ya hi si. E kaseli ɔmɛ ba e ngɔ,"
"You must obey God's commands better than the Pharisees and the teachers of the Law obey them. If you don't, I promise you will never get into the kingdom of heaven. Anger","I ngɛ nyɛ dee ke: Ke nyɛ dami ɔ pa we mlaa tsɔɔli ɔmɛ kɛ Farisifo ɔmɛ a nɔ ɔ, nyɛ be hiɔwe matsɛ yemi ɔ mi sɛe kulaa.” Mukliimifumi he nitsɔɔmi"
"So if you are about to place your gift on the altar and remember that someone is angry with you,","Lɔ ɔ he ɔ ke o kɛ o nike ni ma Mawu hami ngɛ bɔ sami latɛ ɔ hɛ mi, nɛ o kai ngɛ lejɛ ɔ kaa o nyɛmi kɛ mo kpɛti ngɛ sane ko ɔ,"
God blesses those people who depend only on him. They belong to the kingdom of heaven!,“A gbaa ninɛmɛ nɛ le kaa mumi mi ohiafohi ji mɛ ɔ: se a nɔ ji hiɔwe matsɛ yemi ɔ nɛ.
God blesses those people who grieve. They will find comfort!,“A gbaa ninɛmɛ nɛ yeɔ kɔmɔ ɔ: se Mawu maa jɔɔ a bua.
God blesses those people who are humble. The earth will belong to them!,“A gbaa ninɛmɛ nɛ he jɔ ɔ; se a ma na nɔ nɛ Mawu wo si ɔ.
God blesses those people who are merciful. They will be treated with mercy!,"“A gbaa ninɛmɛ nɛ naa ni kpahi mɔbɔ ɔ, se Mawu maa na mɛ mɔbɔ."
God blesses those people whose hearts are pure. They will see him!,“A gbaa ninɛmɛ nɛ a tsui mi tsɔ ɔ; se a maa na Mawu.
"You are the light for the whole world. A city built on top of a hill cannot be hidden,","“Nyɛ ji la ha je ɔ tsuo. Ma nɛ a bɔ ngɛ yoku nɔ ɔ, e be nyɛe maa laa."
"But I tell you not to swear by anything when you make a promise! Heaven is God's throne, so don't swear by heaven.","Se imi lɛɛ i ngɛ nyɛ dee ke: Nyɛ ko ka kita kulaa! Nyɛ ko ka hiɔwe, ejakaa Mawu matsɛ sɛ ʼi,"
"The earth is God's footstool, so don't swear by the earth. Jerusalem is the city of the great king, so don't swear by it.","loo zugba, ejakaa Mawu nane si sɛ ʼi, loo Yerusalem, ejakaa e ji matsɛ ngua a ma."
"You are the salt for everyone on earth. But if salt no longer tastes like salt, how can it make food salty? All it is good for is to be thrown out and walked on.","“Nyɛ ji ngo kɛ ha adesahi tsuo. Se ke ngo nya nyu gbo ɔ, mɛni a kɛ maa wo lɛ ngo ekohu? E he be senami hu, ja a tsɛ pue he nɛ nimli naa nɔ."
"and no one lights a lamp and puts it under a clay pot. Instead, it is placed on a lampstand, where it can give light to everyone in the house.","Jeha nɛ ɔ hu, nɔ ko su we kane kɛ mɛ́ sowe sisi: se mohu e kɛ maa kane tso nɔ, nɛ e tsoo haa nihi nɛ ngɛ we ɔ mi tsuo kulaa."
"Don't suppose I came to do away with the Law and the Prophets. I did not come to do away with them, but to give them their full meaning.","“Nyɛ ko susu kaa imi Yesu i ba Mose mlaa aloo gbali ɔmɛ a tsɔɔmi ɔmɛ gumi; i bɛ mɛ gumi, se i ba nɛ ma ba gbe nya."
"You know our ancestors were told, “Do not murder” and “A murderer must be brought to trial.”","“Tse nyɛ nu kaa a de blematsɛmɛ ɔmɛ ke: ‘koo gbe nɔmlɔ, se nɔ tsuaa nɔ nɛ maa gbe nɔmlɔ ɔ, a kɛ lɛ maa ba kojolɔ ɔ hɛ mi.’"
"But I promise you if you are angry with someone, you will have to stand trial. If you call someone a fool, you will be taken to court. And if you say that someone is worthless, you will be in danger of the fires of hell.","Se i ngɛ nyɛ dee ke: nɔ tsuaa nɔ nɛ muklii mi fuɔ e nyɛmi , a kɛ lɛ maa ba kojolɔ ɔ hɛ mi; nɛ nɔ tsuaa nɔ nɛ deɔ e nyɛmi ke: ‘Yaka nɔmlɔ’ ɔ, a kɛ lɛ maa ba gua ngua a hɛ mi; nɛ nɔ tsuaa nɔ nɛ tsɛɛ e nyɛmi ke kuasia nɛ he be senami ɔ, e maa ye abosiami a je la a mi yami fɔ?"
"leave your gift there in front of the altar. Make peace with that person, then come back and offer your gift to God.","si o nike ni ɔ ngɛ lejɛ ɔ ngɛ bɔ sami latɛ ɔ hɛ mi, nɛ o ya nɔuu nɛ o kɛ o nyɛmi ɔ ya kpata lolo, konɛ o kpale ba nɛ o kɛ o nike ni ɔ ba ha Mawu."
"Before you are dragged into court, make friends with the person who has accused you of doing wrong. If you don't, you will be handed over to the judge and then to the officer who will put you in jail.","“O kɛ o pɛbilɔ ɔ nɛ tsa mla benɛ nyɛ ngɛ blɔ ɔ nɔ kɛ yaa a, ke pi ja a, nyɛ lejɛ ɔ sumi nɔuu ɔ e maa ngɔ mo ngɔ ha kojolɔ ɔ, nɛ lɛ hu e maa ngɔ mo ngɔ ha tsɔlɔ ɔ, nɛ a maa wo mo tsu mi."
I promise you will not get out until you have paid the last cent you owe. Marriage,"Niinɛ, i ngɛ mo dee ke: O be lejɛ ɔ jee kɛ yaa si o maa wo nyagbe pɛsɛwa a.” Gbapuɛmi he nitsɔɔmi"
You have been taught that a man who divorces his wife must write out divorce papers for her.,"“A de hulɔ ke: ‘Nɔ tsuaa nɔ nɛ fieɔ e yo ɔ, sa nɛ e ha lɛ hemi womi.’"
"You know our ancestors were told, “Don't use the Lord's name to make a promise unless you are going to keep it.”","“Tse nyɛ nu hulɔ kaa a de blematsɛmɛ ɔmɛ ke: ‘Ko ka kita gu, se mohu ye o kita amɛ a nɔ ha Nyɔmtsɛ ɔ.’"
"When you make a promise, say only “Yes” or “No.” Anything else comes from the devil. Revenge (Luke","Ke nyɛ ke: ‘Ee’ ɔ, e pee: ‘Ee;’ nɛ ke nyɛ ke: ‘Dɛbi’ ɔ, e pee: ‘Dɛbi’; nɔ́ kpa ko nɛ pe enɛ ɔ ɔ, je abosiami dɛ mi.” Peemi kɛ nanemitomi he nitsɔɔmi (Luka"
"You know you have been taught, “An eye for an eye and a tooth for a tooth.”","“Tse nyɛ nu nɛ a de ke: ‘Hɛngmɛ ngɛ hɛngmɛ nane mi,’ ‘lungu ngɛ lungu nane mi.’"
"But I tell you not to try to get even with a person who has done something to you. When someone slaps your right cheek, turn and let that person slap your other cheek.","Se imi lɛɛ i ngɛ nyɛ dee ke: Nɔ nɛ maa pee nyɛ yayami ɔ, nyɛ ko pee lɛ ngɔ to nane mi; se ke nɔ ko gba o hiɛ ɔ nɔ tue mi ɔ, plɛ kake ɔ hu ha lɛ."
"If a soldier forces you to carry his pack one kilometer, carry it two kilometers.","Nɛ ke nɔ ko nyɛ o nɔ ke o kɛ lɛ nɛ ya si tomi nya kake ɔ, o kɛ lɛ nɛ ya enyɔ."
"When people ask you for something, give it to them. When they want to borrow money, lend it to them. Love (Luke","Ha nɔ nɛ ngɛ mo nɔ́ bae ɔ, nɛ nɔ nɛ ngɛ hlae nɛ o pa lɛ nɔ́ ko ɔ, koo nyɛ lɛ he.” Henyɛli a suɔmi (Luka"
"You have heard people say, “Love your neighbors and hate your enemies.”",“Tse nyɛ nu nɛ a de ke: ‘Suɔ o huɛ nɛ o nyɛ o henyɛlɔ.’
But I tell you to love your enemies and pray for anyone who mistreats you.,"Se imi lɛɛ, i ngɛ nyɛ dee ke: Nyɛɛ suɔ nyɛ henyɛli, nyɛɛ sɔle ha nihi nɛ waa nyɛ yi mi ɔ,"
Then you will be acting like your Father in heaven. He makes the sun rise on both good and bad people. And he sends rain for the ones who do right and for the ones who do wrong.,"enɛ ɔ ma ha nyɛ ma plɛ nyɛ tsɛ nɛ ngɛ hiɔwe ɔ bimɛ, ejakaa e haa e pu jee ngɛ nimli yayamihi kɛ nimli kpakpahi a nɔ, nɛ e haa hiɔmi nɛɛ haa dali kɛ yayami peeli."
"If you love only those people who love you, will God reward you for this? Even tax collectors love their friends.","Se ke nyɛ suɔ ninɛmɛ nɛ suɔ nyɛ ɔ, mɛni hiɔwo nyɛ ngɛ? Anɛ to tsuli ɔmɛ tete pee we ja nɔuu lo?"
"If you greet only your friends, what's so great about this? Don't even unbelievers do that?","Nɛ ke nyɛ ngaa nyɛ nyɛmimɛ kɛkɛ ɔ, anɛ nyɛ pee nɔ́ ko tsɔ pe bɔ nɛ sa peemi lo? Anɛ wɔ jali ɔmɛ tete pee we ja nɔuu lo?"
"When you do good deeds, don't try to show off. If you do, you won't get a reward from your Father in heaven.","“Nyɛɛ hyɛ nɛ hi nɛ nyɛ ko pee nyɛ dami nihi ngɛ ma hɛ mi, ke nyɛ pee ɔ, lɔ ɔ lɛɛ, nyɛ be hiɔwo ko ngɛ nyɛ tsɛ nɛ ngɛ hiɔwe ɔ ngɔ."
"When you give to the poor, don't let anyone know about it.","Se mo o lɛɛ, ke o ngɛ kpakpa pee ɔ, ko ha o muɔ nine nɛ le nɔ nɛ o hiɛ ɔ nine peɔ."
"When you pray, don't be like those show-offs who love to stand up and pray in the synagogues and on the street corners. They do this just to look good. I can assure you that they already have their reward.","“Nɛ ke nyɛ ngɛ sɔlee ɔ, nyɛ ko pee kaa osatotsɛmɛ ɔmɛ, se a suɔ kaa a da kpe he ɔmɛ kɛ gbɛjegbɛ ɔmɛ a kɔ nyahi kɛ sɔle konɛ nihi nɛ na mɛ. Niinɛ, i ngɛ nyɛ dee ke: A nine su a hiɔwo nɔ mo."
"When you pray, go into a room alone and close the door. Pray to your Father in private. He knows what is done in private and will reward you.","Se ke o ngɛ sɔlee ɔ, sɛ o se tsu mi, nɛ po nga sinya a nɛ o sɔle ngɔ ha o tsɛ ngɛ laami mi, nɛ o tsɛ nɛ naa laami mi nihi ɔ maa wo mo hiɔ."
"When you pray, don't talk on and on as people do who don't know God. They think God likes to hear long prayers.",“Ke nyɛ ngɛ sɔlee ɔ nyɛ ko tu munyu fuu kaa wɔ jali ɔmɛ; se a susuu kaa a munyu fuu ɔ he a maa bu mɛ tue.
Don't be like them. Your Father knows what you need even before you ask.,Nyɛ ko pee kaa mɛ; se nyɛ tsɛ ɔ le nihi nɛ hiaa nyɛ loko nyɛ biɔ lɛ.
"You should pray like this: Our Father in heaven, help us to honor your name.","Lɔ ɔ he ɔ nyɛɛ sɔle kikɛ: ‘Wa tsɛ nɛ ngɛ hiɔwe, O biɛ ɔ he nɛ tsɔ;"
"Come and set up your kingdom, so that everyone on earth will obey you, as you are obeyed in heaven.",O matsɛ yemi ɔ nɛ ba; A pee nɔ nɛ o suɔ ngɛ zugba a nɔ kaa a peɔ ngɛ hiɔwe ɔ.
"If you forgive others for the wrongs they do to you, your Father in heaven will forgive you.","Nɛ ke nyɛɛ kɛ nihi a tɔmihi pa mɛ ɔ, nyɛ tsɛ nɛ ngɛ hiɔwe ɔ kɛ maa pa nyɛ hulɔ."
"But if you don't forgive others, your Father will not forgive your sins. Worshiping God by Going without Eating","Se ke nyɛɛ kɛ nihi a tɔmihi pɛ́ mɛ ɔ, nyɛ tsɛ ɔ hu kɛ nyɛ tɔmi ɔmɛ be nyɛ pae.” Hwɔhami he nitsɔɔmi"
"Then others won't know you are going without eating. But your Father sees what is done in private, and he will reward you. Treasures in Heaven (Luke","konɛ ni kpahi ko na kaa o ngɛ hwɔ hae, ja o tsɛ nɛ ngɛ laami mi ɔ; nɛ o tsɛ nɛ naa laami mi ni ɔ maa wo mo hiɔ.” Hiɔwe juetli (Luka"
"But more than anything else, put God's work first and do what he wants. Then the other things will be yours as well.","Nyɛ hla Mɛwu matsɛ yemi ɔ kɛ e dami kekle, nɛ akɛ ni nɛ ɔmɛ tsuo maa piɛ he ngɔ ha nyɛ."
Don't worry about tomorrow. It will take care of itself. You have enough to worry about today.,Lɔ ɔ he ɔ nyɛ ko hao nyɛ he ngɔ to hwɔɔ; ejakaa hwɔɔ nitse maa hao ngɛ lɛ nitse e he. Ligbi tsuaa ligbi nɔ yayami ɔ hiɛ ha lɛ.”
"Don't store up treasures on earth! Moths and rust can destroy them, and thieves can break in and steal them.","“Nyɛ ko to juetli ha nyɛ he ngɛ zugba nɛ ɔ nɔ, he nɛ wɔyewɔye kɛ kana puɛɔ nihi nɛ juli guu kɛ sɛɛ mi ya juɔ ngɛ ɔ."
"Instead, store up your treasures in heaven, where moths and rust cannot destroy them, and thieves cannot break in and steal them.",Se nyɛɛ to juetli ha nyɛ he ngɛ hiɔwe he nɛ wɔyewɔye kɛ kana puɛ we nihi nɛ juli gui kɛ sɛ we mi yajui ngɛ ɔ.
Your heart will always be where your treasure is. Light (Luke,"Ejakaa he nɛ o juetli ngɛ ɔ, lejɛ ɔ o tsui maa hi.” Nɔmlɔ tso ɔ la (Luka"
"But when your eyes are bad, everything is dark. If the light inside you is dark, you surely are in the dark. Money (Luke","se ke o hɛngmɛ nɔ tsɔ we ɔ, o nɔmlɔ tso mluku ɔ tsuo maa wo diblii. Lɔ ɔ he ɔ ke la nɛ ngɛ o mi ɔ ji diblii ɔ, kɛ jamɛ a diblii ɔ mi ma ti kɛɛ!” Mawu kɛ ninami (Luka"
You cannot be the slave of two masters! You will like one more than the other or be more loyal to one than the other. You cannot serve both God and money. Worry (Luke,"“Nɔ ko be nyɔmtsɛmɛ enyɔ nyɛe ma sɔmɔ; ejakaa eko ɔ e maa nyɛ nɔ kake nɛ e maa suɔ nɔ kpa a; aloo e maa pɛtɛ nɔ kake he, nɛ e maa gbe nɔ kpa a he guɛ. Nyɛ be Mawu kɛ mamona nyɛe ma sɔmɔ."
"Don't worry and ask yourselves, “Will we have anything to eat? Will we have anything to drink? Will we have any clothes to wear?”","Lɔ ɔ he ɔ nyɛ ko hao nyɛ he nɛ nyɛ de ke: ‘Mɛni wa maa ye, aloo mɛni wa maa nu, mɛni hu wa ma ngɔ ha wa he?’"
"I tell you not to worry about your life. Don't worry about having something to eat, drink, or wear. Isn't life more than food or clothing?","“Lɔ ɔ he ɔ, i ngɛ nyɛ dee ke: Nyɛ ko hao ngɛ nyɛ wami he, nɔ nɛ nyɛ maa ye kɛ nɔ nɛ nyɛ maa nu, aloo nɔ nɛ nyɛ maa wo ngɛ nyɛ nɔmlɔ tso ɔ he. Anɛ wami pa we ngma, nɛ nɔmlɔ tso pa we tade lo?"
Look at the birds in the sky! They don't plant or harvest. They don't even store grain in barns. Yet your Father in heaven takes care of them. Aren't you worth much more than birds?,"Nyɛɛ hyɛ hiɔwe lohwe pɛlitsɛmɛ ɔmɛ; a du we ni nɛ jeha nɛ ɔ hu a kpɔ we, pohu a bua we nya ngɔ wui ngma gba mi; se nyɛ tsɛ nɛ ngɛ hiɔwe ɔ lɛɛ mɛ kɛ̃. Anɛ nyɛ he jua wɛ́ hluu pi mɛ lo?"
Why worry about clothes? Look how the wild flowers grow. They don't work hard to make their clothes.,"“Nɛ mɛ he je nɛ nyɛ peɔ yeyeeye ngɛ tade he? Nyɛ susu nga nɔ mɔmɔ ɔmɛ a he, bɔ nɛ a puɛɛ ɔ: atsu we ni, jeha nɔ hu a tsɛ̃ we kpa."
But I tell you that Solomon with all his wealth wasn't as well clothed as one of them.,Se i ngɛ nyɛ dee ke: Salmo kɛ e nyami ɔ tsuo tete mia we kaa enɛ ɔmɛ a kpɛti kake.
"God gives such beauty to everything that grows in the fields, even though it is here today and thrown into a fire tomorrow. God will surely do even more for you! Why do you have such little faith?","Jeha nɛ ɔ ke nga nɔ hu nɛ mwɔnɛ e ngɛ nɛ hwɔ nɛ a kɛ woɔ abolo tsu mi nɛ Mawu miaa lɛ kikɛ ɔ, anɛ e be nɔ́ nɛ pe enɛ pee ha nyɛ nɛ nyɛ hemi kɛ yemi pi ɔ lo?"
Only people who don't know God are always worrying about such things. Your Father in heaven knows you need all of these.,Nyɛ tsɛ nɛ ngɛ hiɔwe ɔ le kaa ni nɛ ɔmɛ tsuo a he ngɛ nyɛ hiae.
"Don't condemn others, and God won't condemn you.",“Nyɛ ko kojo konɛ a ko kojo nyɛ?
God will be as hard on you as you are on others! He will treat you exactly as you treat them.,"Ejakaa kojomi nɛ nyɛɛ kɛ kojoɔ ɔ, a kɛ maa kojo nyɛ, nɛ susumi nɔ nɛ nyɛɛ kɛ susuu ɔ, a kɛ ma susu ha nyɛ."
"You can see the speck in your friend's eye, but you don't notice the log in your own eye.","Se mɛni he je o naa ngu nyafii nɛ ngɛ o nyɛmi hɛngmɛ nɔ ɔ, nɛ mo nitse o hɛngmɛ nɔ plai ɔ lɛɛ o nɛ ɔ?"
"How can you say, “My friend, let me take the speck out of your eye,” when you don't see the log in your own eye?","Aloo kɛ maa pee kɛ nɛ o ma de o nyɛmi ke: ‘Ha ma je ngu nyafii ɔ ngɛ o hɛngmɛ nɔ,’ be mi nɛ plai ngɛ mo nitse o hɛngmɛ nɔ ɔ?"
"You're nothing but show-offs! First, take the log out of your own eye; then you can see how to take the speck out of your friend's eye.","Osatotsɛ, je plai ɔ ngɛ mo nitse o hɛngmɛ nɔ kekle, nɛ lɔ ɔ loko o maa hyɛ nɔ paa nɛ o ma je ngu nyafii ɔ ngɛ o nyɛmi ɔ hɛngmɛ nɔ."
"As bad as you are, you still know how to give good gifts to your children. But your heavenly Father is even more ready to give good things to people who ask.","Lɛɛ ke nyɛ nɛ nyɛ ji nimli yayamihi ɔ nyɛ le bɔ nɛ nyɛ peɔ ngɔɔ ni kpakpahi ngɔ haa nyɛ bimɛ ɔ, enyɛmɛ nɔuu nɛ nyɛ tsɛ nɛ ngɛ hiɔwe ɔ be ni kpakpahi ngɔe kɛ ha nihi nɛ biɔ lɛ ɔ?"
"Would any of you give your hungry child a stone, if the child asked for some bread?",Nyɛ ti mɛnɔ nɛ ke e bi bi lɛ abolo nɛ e ma ha lɛ tɛ?
"Ask, and you will receive. Search, and you will find. Knock, and the door will be opened for you.","“Nyɛ bi, nɛ a ma ha nyɛ; nyɛ hla nɛ nyɛ maa na; nyɛ si, nɛ a ma bli ha nyɛ."
Everyone who asks will receive. Everyone who searches will find. And the door will be opened for everyone who knocks.,"Ejakaa nɔ tsuaa nɔ nɛ biɔ ɔ, e nine suu nɔ; nɛ nɔ nɛ hlaa a, e naa; nɛ nɔ nɛ siɔ ɔ, a bliɔ haa lɛ."
Would you give your child a snake if the child asked for a fish?,"Aloo ke e bi lɛ wo mi lo, nɛ e ma ha lɛ sinɔ?"
Treat others as you want them to treat you. This is what the Law and the Prophets are all about. The Narrow Gate (Luke,"“Lɔ ɔ he ɔ, nɔ́ tsuaa nɔ́ nɛ nyɛ hlaa kaa nihi nɛ pee ngɔ ha nyɛ ɔ, nyɛ hu nyɛɛ pee ja nɔuu ngɔ ha mɛ, ejakaa enɛ ɔ ji mlaa a kɛ gbali ɔmɛ.” Agbo tokofii ɔ (Luka"
Anyone who hears and obeys these teachings of mine is like a wise person who built a house on solid rock.,"“Lɔ ɔ he ɔ, nɔ tsuaa nɔ nɛ nuɔ ye munyu nɛ ɔmɛ nɛ e yeɔ nɔ ɔ, ma ngɔ lɛ ngɔ to ga lelɔ nɛ ma e tsu ngɛ tɛ sa nɔ ɔ he."
But the gate to life is very narrow. The road that leads there is so hard to follow that only a few people find it. A Tree and Its Fruit (Luke,"Se agbo tokofii kɛ blɔ nɛ hɛ ji nɔ nɛ kɛ nɔ yaa wami mi ɔ nɛ, nɛ nihi bɔɔ ji nihi nɛ naa kɔlɔ ɔ.” Tso kɛ e yiblii (Luka"
"Watch out for false prophets! They dress up like sheep, but inside they are wolves who have come to attack you.","“Nyɛɛ hyɛ saminya ngɛ osato gbali ɔmɛ a he, ejakaa a ngɔɔ to he womi ngɔ haa a he kɛ baa nyɛ ngɔ, se a mi mi je ɔ ogbetee ni hali ji mɛ."
You can tell what they are by what they do. No one picks grapes or figs from thornbushes.,"A yiblii ɔmɛ nyɛ ma kɛ le mɛ. Anɛ a tsɔɔ wai yiblii ngɛ mio tsohi a nɔ, aloo a tsɔɔ ngmɔkɔ ngɛ sezlehi anɔ?"
"A good tree produces good fruit, and a bad tree produces bad fruit.",Ja nɔuu tso tsuaa tso nɛ ji tso kpakpa a woɔ yiblii kpakpahi; se tso yaya woɔ yiblii yayahi.
"A good tree cannot produce bad fruit, and a bad tree cannot produce good fruit.",Tso kpakpa be yiblii yaya nyɛe maa wo nɛ jeha nɛ ɔ hu tso yaya be yiblii kpakpahi nyɛe maa wo.
Every tree producing bad fruit will be chopped down and burned.,"Tso tsuaa tso nɛ wui yiblii kpakpahi ɔ, a maa hɛ nɛ a maa ngɔ ngɔ wo la mi?"
You can tell who the false prophets are by their deeds. A Warning (Luke,Lɔ ɔ he ɔ a yiblii ɔmɛ nyɛɛ kɛ maa le mɛ.” I li nyɛ kulaa (Luka
Anyone who hears my teachings and doesn't obey them is like a foolish person who built a house on sand.,"Nɛ nɔ tsuaa nɔ nɛ nuɔ ye munyu nɛ ɔmɛ nɛ e yi nɔ ɔ, a maa ngɔ lɛ ngɔ to nyumu kuasia nɛ ma e tsu ngɛ zia nɔ ɔ he."
"Rain poured down, rivers flooded, and the winds blew and beat against that house. Finally, it fell with a crash.","Nɛ hiɔmi nɛ, nɛ pahi hia, nɛ kɔɔhiɔ fia, nɛ a si tsuɔ ɔ, nɛ e hule, nɛ e hulemi ɔ kle.” He blɔ nɛ Yesu ngɛ"
Not everyone who calls me their Lord will get into the kingdom of heaven. Only the ones who obey my Father in heaven will get in.,"“Pi nɔ tsuaa nɔ nɛ deɔ mi ke: ‘Nyɔmtsɛ, Nyɔmtsɛ’ ɔ nɛ maa sɛ hiɔwe matsɛ yemi ɔ mi; se mohu nɔ nɛ peɔ Tsaatsɛ nɛ ngɛ hiɔwe ɔ suɔmi nya ni ɔ."
"On the day of judgment many will call me their Lord. They will say, “We preached in your name, and in your name we forced out demons and worked many miracles.”","Nihi fuu ma de mi ngɛ jamɛ a ligbi ɔ nɔ ke: ‘Nyɔmtsɛ, Nyɔmtsɛ, anɛ pi mo o biɛ ɔ mi nɛ wa gba ngɛ, nɛ o biɛ ɔ mi wa hia numi yayamihi ngɛ, nɛ o biɛ ɔ mi wa pee he wami nihi fuu ngɛ lo?’"
"But I will tell them, “I will have nothing to do with you! Get out of my sight, you evil people!” Two Builders (Luke","Nɛ lɔ ɔ lɛɛ ma gba mi ma de me ke: ‘I li nyɛ kulaa, nyɛɛ je ye nɔ, nyɛ nihi nɛ nyɛ tsuɔ nihi nɛ dɛ blɔ!’ ” Tsumali enyɔ ɔ (Luka"
"Rain poured down, rivers flooded, and winds beat against that house. But it was built on solid rock, and so it did not fall.","Nɛ hiɔmi nɛ, nɛ pahi hia, nɛ kɔɔhiɔ fia, nɛ a si tsu ɔ, se e hule we ejakaa a to sisi ngɛ tɛ sa nɔ."
"He taught them like someone with authority, and not like their teachers of the Law of Moses.","ejakaa e tsɔɔ mɛ ni kaa nɔ ko nɛ ngɛ he blɔ, se pi kaa a mlaa tsɔɔli ɔmɛ."
But the ones who should have been in the kingdom will be thrown out into the dark. They will cry and grit their teeth in pain.”,"se matsɛ yemi ɔ mi bimɛ ɔmɛ ɔ, lɛɛ a ma sake mɛ ngɔ fɔ blɔ se diblii ɔ mi; lejɛ ɔ ya fomi kɛ lungu nya kpemi maa hi.”"
That evening many people with demons in them were brought to Jesus. And with only a word he forced out the evil spirits and healed everyone who was sick.,"Jamɛ a gbɔkuɛ ɔ, a kɛ nihi fuu nɛ mumi yayamihi ngɛ a mi ba e ngɔ. Nɛ e kɛ e munyu hia mumi ɔmɛ, nɛ e tsa hiɔtsɛmɛ ɔmɛ tsuo."
"Suddenly a man with leprosy came and knelt in front of Jesus. He said, “Lord, you have the power to make me well, if only you wanted to.”","Nɛ oʼɛ, tsitsɛ ko ba kpla si ngɛ e hɛ mi nɛ e ke: “Nyɔmtsɛ, ke o suɔ ɔ, o ma nyɛ ma ha ye he nɛ tsɔ!”"
"Jesus put his hand on the man and said, “I want to! Now you are well.” At once the man's leprosy disappeared.","Nɛ Yesu kpa e nine mi nɛ e ta e he nɛ e de lɛ ke: “I suɔ, o he nɛ tsɔ!” Nɛ amlɔ ɔ tsi ɔ ta ngɛ e he."
"“I will go and heal him,” Jesus replied.",Nɛ Yesu de lɛ ke: “I ma nɛ ma ba tsa lɛ.”
"When Jesus heard this, he was so surprised that he turned and said to the crowd following him, “I tell you in all of Israel I've never found anyone with this much faith!","Se benɛ Yesu nu enɛ ɔ ɔ, e hɛ mi pee lɛ yaa, nɛ e de nihi nɛ nyɛɛ e se ɔ ke: “Niinɛ, i ngɛ nyɛ dee ke: Israel mi tete i nɛ hemi kɛ yemi nɛ kle kaa enɛ ɔ lolo!"
"“Lord, my servant is at home in such terrible pain that he can't even move.”","nɛ e de ke: “Nyɔmtsɛ, ye wenyumu fɔɔ si ngɛ we mi kɛ hulemi hiɔ, e ngɛ nɔ nae wawɛɛ.”"
"Many people will come from everywhere to enjoy the feast in the kingdom of heaven with Abraham, Isaac, and Jacob.",Se i ngɛ nyɛ dee ke: Nihi fuu maa je beleku kɛ bonyoku maa ba nɛ a kɛ Abraham kɛ Isak kɛ Yakob ma ba hi si ngɛ hiɔwe matsɛ yemi ɔ mi;
"Then Jesus said to the officer, “You may go home now. Your faith has made it happen.” Right then his servant was healed. Jesus Heals Many People (Mark","Nɛ Yesu de aslaafohi lafa a nyatsɛ ɔ ke: “Yaa, bɔ nɛ o he ye ɔ, a pee ja ha mo.” Nɛ a tsa e wenyumu ɔ ngɛ lɛ ngmlɛfia a nɔuu nɔ. Yesu tsa nihi babauu (Marko"
"Suddenly they shouted, “Jesus, Son of God, what do you want with us? Have you come to punish us before our time?”","Nɛ oʼɛ, a kpa ngmlaa ke: “Mɛni sane waa kɛ mo ngɛ mo Yesu, Mawu bi ɔ? Anɛ o ba wɔ dengme womi loko be ɔ nɛ su lo?”"
"Everyone in town came out to meet Jesus. When they saw him, they begged him to leave their part of the country.","Nɛ oʼɛ, ma mluku ɔ tsuo je kpo nɛ a kɛ Yesu ya kpe, nɛ benɛ a na lɛ ɔ, a kpa lɛ pɛɛ ke e je a kpo ɔmɛ a nɔ nɛ e ho."
"Jesus went to the home of Peter, where he found that Peter's mother-in-law was sick in bed with fever.","Benɛ Yesu ba Petro we ɔ mi ɔ, e na Petro nganyɛ nɛ fɔɔ si kɛ asla."
"He took her by the hand, and the fever left her. Then she got up and served Jesus a meal.","Nɛ e nu e nine si, nɛ asla a po ngɛ e nɔ, nɛ e te si nɛ e sɔmɔ mɛ."
"So God's promise came true, just as the prophet Isaiah had said, “He healed our diseases and made us well.” Some Who Wanted To Go with Jesus (Luke","Konɛ nɔ́ nɛ gbalɔ Yesaia de ɔ nɛ ba mi ke: “Lɛ nitsɛ e wo wa dengme ɔmɛ, nɛ e tloo wa hiɔ ɔmɛ.” Yesu senyɛɛmi (Luka"
"A teacher of the Law of Moses came up to him and said, “Teacher, I'll go anywhere with you!”","Nɛ mlaa tsɔɔlɔ ko ba e ngɔ ba de lɛ ke: “Tsɔɔlɔ, he tsuaa he nɛ o yaa a ma nyɛɛ o se.”"
"Another disciple said to Jesus, “Lord, let me wait till I bury my father.”","Se e kaseli ɔmɛ a ti nɔ kpa ko hu de lɛ ke: “Nyɔmtsɛ, ngmɛɛ mi blɔ nɛ ma ya pu ye tsɛ lolo.”"
"so the disciples went over to him and woke him up. They said, “Lord, wake up! Save us before we drown!”","Nɛ e kaseli ɔmɛ ba e ngɔ nɛ a ba tsɛɛ lɛ de ke: “Mawetsɛ, he wa yiwami, wa ngɛ laae!”"
"After Jesus left in a boat with his disciples,",Nɛ Yesu sɛ lɛ ko mi nɛ e kaseli ɔmɛ nyɛɛ e se.
"a terrible storm suddenly struck the lake, and waves started splashing into their boat. Jesus was sound asleep,","Nɛ si kake ɔ, wo ɔ pee hamahama, nɛ oslɔke ɔmɛ ngɛ kue kɛ ngɛ lɛ ɔ mi woe; se lɛɛ e hwɔ mahɛ."
"The men in the boat were amazed and said, “Who is this? Even the wind and the waves obey him.” Two Men with Demons in Them (Mark",Se ni ɔmɛ a hɛ mi pee mɛ yaa nɛ a ke: “Mɛni nɔmlɔ slɔɔto ji nɛ nɛ kɔɔhiɔ kɛ wo tete boɔ lɛ tue nɛ ɔ?” Yesu tsa ni enyɔ nɛ mumi yayami ngɛ a mi (Marko
"After Jesus had crossed the lake, he came to shore near the town of Gadara and started down the road. Two men with demons in them came to him from the tombs. They were so fierce that no one could travel that way.","Benɛ Yesu ba se ɔ blɔ ngɛ Gadarabi ɔmɛ a zugba a nɔ ɔ, ni enyɔ nɛ mumi yayami ngɛ a mi kɛ lɛ ba kpe, a je ni gbogboehi a pu he ɔ nɛ a hɛ wo la tsɔ, bɔ nɛ nɔ ko nyɛ we jamɛ a blɔ ɔ nɔ nɛ e gu."
Not far from there a large herd of pigs was feeding.,Nɛ kpotoohi a kuu ngua ko ngɛ ni yee ngɛ lokoo.
"So the demons begged Jesus, “If you force us out, please send us into those pigs!”","Nɛ mumi yayami ɔmɛ kpa Yesu pɛɛ ke: “Ke o hia wɔ ɔ, ngmɛɛ wɔ blɔ nɛ wa ya sɛ kpotoohi a kuu ɔ mi.”"
"Jesus told them to go, and they went out of the men and into the pigs. All at once the pigs rushed down the steep bank into the lake and drowned.","Nɛ e de mɛ ke: “Nyɛɛ ya!” Nɛ a je kpo ya sɛ kpotoohi a kuu ɔ mi; nɛ oʼɛ, kuu mluku ɔ tsuo wo fo kɛ je yoku ɔ nɔ kɛ ya pue wo ɔ mi, nɛ a gbo ngɛ nyu ɔ mi."
"The people taking care of the pigs ran to the town and told everything, especially what had happened to the two men.",Nɛ kpotoohyɛli ɔmɛ tu fo kɛ ho ma a mi ya nɛ a ya sɛɛ sane ɔmɛ tsuo kɛ nihi nɛ mumi yayamihi ngɛ a mi ɔmɛ a nɔ́ ɔ hulɔ.
Jesus got into a boat and crossed back over to the town where he lived.,"Kɛkɛ nɛ Yesu sɛ lɛ mi, nɛ e po wo ɔ, nɛ e ba lɛ nitsɛ e ma a mi."
"Jesus heard them and answered, “Healthy people don't need a doctor, but sick people do.","Se benɛ Yesu nu ɔ, e de mɛ ke: “Nihi nɛ ngɛ he wami ɔ tsopatsɛ he hia we mɛ, se mohu nihi nɛ ngɛ gboe ɔ."
"No one pours new wine into old wineskins. The wine would swell and burst the old skins. Then the wine would be lost, and the skins would be ruined. New wine must be put into new wineskins. Both the skins and the wine will then be safe. A Dying Girl and a Sick Woman (Mark","Jeha nɛ ɔ a ngɔɛ wai he wui lohwe he womi tɔ momohi a mi; lɔ ɔ lɛɛ lohwe he womi tɔ ɔmɛ ma pɛ, nɛ wai ɔ ma pue si, nɛ lohwe he womi tɔ ɔmɛ ma puɛ; se wai he ɔ, lohwe he womi tɔ hehi a mi mohu a kɛ woɔ, nɛ enyɔ kulaa puɛ we.” Ma nɔkɔtɔma bi yo ɔ kɛ Yo nɛ ta Yesu tade ɔ he ɔ (Marko"
News about this spread all over that part of the country. Jesus Heals Two Blind Men,Nɛ kikɛmɛ a sane nɛ ɔ gbɛ fia lejɛ ɔ zugba a tsuo nɔ. Yesu tsa hɛyuyuili enyɔ
"Some teachers of the Law of Moses said to themselves, “Jesus must think he is God!”","Nɛ oʼɛ, mlaa tsɔɔli ɔmɛ a ti ni kome de ngɛ a mi ke: “Musu nɔ nɛ ɔ ngɛ bɔe nɔ nɛ.”"
"But Jesus knew what was in their minds, and he said, “Why are you thinking such evil things?","Nɛ benɛ Yesu na a juɛmi ɔ, e ke: “Mɛni he je nɛ nyɛ ngɛ ni yayahi susue ngɛ nyɛ tsui mi nɛɔ?"
"But I will show you that the Son of Man has the right to forgive sins here on earth.” So Jesus said to the man, “Get up! Pick up your mat and go on home.”","Se benɛ pee nɛ nyɛ na le kaa Nɔmlɔ Bi ɔ ngɛ he blɔ ngɛ zugba a nɔ kaa e ngɔɔ yayamihi ngɔ paa a,” e de hiɔtsɛ ɔ ke: “Tee si, wo o sa a nɛ o ya o we mi!”"
The man got up and went home.,Nɛ e te si kɛ ho e we mi ya.
"Go and learn what the Scriptures mean when they say, ‘Instead of offering sacrifices to me, I want you to be merciful to others.’ I didn't come to invite good people to be my followers. I came to invite sinners.” People Ask about Going without Eating (Mark","Nyɛɛ ya nɛ nyɛ ya kase enɛ ɔ sisi: ‘Mɔbɔ nami i ngɛ hlae, se pi bɔ sami!’ Ejakaa i bɛ dali a tsemi, se mohu yayami peeli nɛ a tsake a tsui.” Hwɔhami he sane (Marko"
"As Jesus was leaving that place, two blind men began following him and shouting, “Son of David, have pity on us!”","Nɛ benɛ Yesu le jejɛ ɔ kɛ bee ɔ hɛ yuyuili enyɔ nyɛɛ e se nɛ a ngɛ ngmlaa kpae ke: “Moo na wɔ mɔbɔ, David Bi!”"
"As Jesus and his disciples were on their way, some people brought to him a man who could not talk because a demon was in him.","Benɛ ni nɛ ɔmɛ ngɛ kpo jee ɔ, oʼɛ, a kɛ amuɛti ko nɛ mumi yayami ngɛ e mi ba e ngɔ."
"As Jesus was leaving, he saw a tax collector named Matthew sitting at the place for paying taxes. Jesus said to him, “Follow me.” Matthew got up and went with him.","Benɛ Yesu je lejɛ ɔ kɛ yaa a, e na nyumu ko nɛ a tsɛɛ lɛ Mateo nɛ e hii si ngɛ onia tsumi he ɔ, nɛ e de lɛ ke: “Nyɛɛ ye se!” Nɛ e te si nɛ e nyɛɛ e se."
"Later, Jesus and his disciples were having dinner at Matthew's house. Many tax collectors and other sinners were also there.","Nɛ e ba mi kaa benɛ Yesu hii si ngɛ niyeni si ngɛ we ɔ mi ɔ, oʼɛ, onia tsuli kɛ yayami peeli babauu ba nɛ a kɛ lɛ kɛ e kaseli ɔmɛ ba ye ni."
"Some Pharisees asked Jesus' disciples, “Why does your teacher eat with tax collectors and other sinners?”","Benɛ Farisifo ɔmɛ na a, a bi e kaseli ɔmɛ ke: “Mɛni he je nyɛ tsɔɔlɔ ɔ kɛ onia tsuli kɛ yayami peeli ngɛ ni yee nɛ ɔ?”"
"While Jesus was still speaking, an official came and knelt in front of him. The man said, “My daughter has just now died! Please come and place your hand on her. Then she will live again.”","Benɛ Yesu ngɛ munyu nɛ ɔmɛ tue kɛ ngɛ mɛ tsɔɔe ɔ, oʼɛ, nɔkɔtɔma ko ba ba kpla si ngɛ e hɛ mi nɛ e de lɛ ke: “Ye biyo je mi amlɔ nɛ ɔ; se ba nɛ o ba ngɔ o nine ngɔ fɔ e nɔ, nɛ e hɛ maa tsɛ.”"
"Jesus turned. He saw the woman and said, “Don't worry! You are now healed because of your faith.” At that moment she was healed.","Yesu plɛ e he, nɛ benɛ e na lɛ ɔ, e ke: “Biyo, ha otsui nɛ nɔ o mi, o hemi kɛ yemi ɔ he o yiwami!” Nɛ yo ɔ he wa lɛ jamɛ a ngmlɛfia a nɔ nɔuu."
"After Jesus had forced the demon out, the man started talking. The crowds were so amazed they began saying, “Nothing like this has ever happened in Israel!”","Nɛ benɛ e hia mumi yayami ɔ, amuɛti ɔ tu munyu. Nɛ asafo ɔ he nya si mɛ nɛ a ke: “A nɛ́ kikɛmɛ a nɔ́ ko hyɛ ngɛ Israel!”"
"Some followers of John the Baptist came and asked Jesus, “Why do we and the Pharisees often go without eating, while your disciples never do?”","Kɛkɛ nɛ Yohane kaseli ɔmɛ ba e ngɔ ba de ke: “Mɛni he je waa kɛ Farisifo ɔmɛ pɔɔ hwɔ hami, nɛ o kaseli ɔmɛ lɛɛ a hɛ́ hwɔ ɔ?”"
Jesus answered: The friends of a bridegroom aren't sad while he is still with them. But the time will come when he will be taken from them. Then they will go without eating.,"Nɛ Yesu de mɛ ke: “Anɛ yo kpeemi ɔ he biali ɔmɛ ma nyɛ maa ye kɔmɔ be abɔ nɛ ayɛflo huno ɔ kɛ mɛ ngɛ ɔ lo? Se be maa ba mo nɛ a maa ngɔ ayɛflo huno ɔ kɛ maa je a kpɛti kɛ ho, nɛ lɔ ɔ loko a maa ha hwɔ.”"
No one uses a new piece of cloth to patch old clothes. The patch would shrink and tear a bigger hole.,"“Nɔ ko ngɔɛ bo nya he kɛ ta we tade momo mi; ejakaa nɔ́ nɛ a kɛ ta a nɛ jinɛ a kɛ tsi puɔ ɔ, yeɔ tade ɔ, nɛ puɔ ɔ bliɔ mohu pe kekle ɔ."
"She had said to herself, “If I can just touch his clothes, I will be healed.”",Ejakaa e de ngɛ e mi ke: “Ke i na e tade ɔ he ta kɛkɛ ɔ ye he maa wa mi.”
Jesus and his disciples got up and went with the man.,Nɛ Yesu te si nɛ e kɛ e kaseli ɔmɛ nyɛɛ nyumu ɔ se.
A woman who had been bleeding for twelve years came up behind Jesus and barely touched his clothes.,"Nɛ oʼɛ, yo ko nɛ ngɛ muɔdɛmi hiɔ nue jeha nyɔngma kɛ enyɔ ɔ ba je e se je nɛ e ta e tade ɔ nya a he."
"When Jesus went into the home of the official and saw the musicians and the crowd of mourners,","Nɛ benɛ Yesu ba nɔkɔtɔma a we ɔ mi nɛ e na bɛ kpali kɛ nihi fuu nɛ a ngɛ hoo pee ɔ,"
"he said, “Get out of here! The little girl isn't dead. She is just asleep.” Everyone started laughing at Jesus.","e de mɛ ke: “Nyɛɛ je hiɛ ɔ, yiheyo ɔ gbo we, se mahɛ kɛkɛ e ngɛ hwɔe.” Nɛ a muɔ lɛ."
"But after the crowd had been sent out of the house, Jesus went to the girl's bedside. He took her by the hand and helped her up.","Nɛ benɛ a fie ni ɔmɛ ɔ, e sɛ tsu ɔ mi nɛ e pɛtɛ yiheyo ɔ nine si kɛkɛ nɛ yiheyo ɔ te si."
"After Jesus had gone indoors, the two blind men came up to him. He asked them, “Do you believe I can make you well?” “Yes, Lord,” they answered.","Nɛ benɛ e sɛ we ɔ mi ɔ, hɛ yuyuili ɔmɛ ba e ngɔ; nɛ Yesu bi mɛ ke: “Nyɛ heɔ yeɔ kaa ma nyɛ enɛ ɔ ma pee lo?” A de lɛ ke: “Ee, Mawetsɛ!”"
"Jesus touched their eyes and said, “Because of your faith, you will be healed.”","Kɛkɛ nɛ e ta a hɛngmɛ ɔmɛ a he nɛ e ke: “Bɔ nɛ nyɛ heɔ yeɔ ɔ, a pee ja ngɔ ha nyɛ;”"
"They were able to see, and Jesus strictly warned them not to tell anyone about him.",nɛ a hɛngmɛ ɔmɛ bli. Nɛ Yesu bɔ mɛ kɔkɔ ke: “Nyɛɛ hyɛ nɛ nɔ ko ko le enɛ ɔ!”
But they left and talked about him to everyone in that part of the country. Jesus Heals a Man Who Could Not Talk,"Se mɛɛ lɛɛ, benɛ a je lejɛ ɔ, a ya je e yi ngɛ lejɛ ɔ ni ɔmɛ a mi tsuo. Yesu tsa amuɛti ko"
"But the Pharisees said, “The leader of the demons gives him the power to force out demons.” Jesus Has Pity on People",Se Farisifo ɔmɛ de ke: “Mumi yayami ɔmɛ a tsɛ ɔ hewami nya e hiaa muni yayami ɔmɛ ɔ nɛ.” Yesu mukliimisami
Jesus went to every town and village. He taught in their synagogues and preached the good news about God's kingdom. Jesus also healed every kind of disease and sickness.,"Nɛ Yesu kpa ma amɛ kɛ kɔpe ɔmɛ tsuo a nɔ nɛ e tsɔɔ ni ngɛ a kpe he ɔmɛ nɛ e fiɛɔ matsɛ yemi ɔ he sane kpakpa a, nɛ e tsaa hiɔ tsuaa hiɔ kɛ dengme tsuaa dengme."
